Source path,Class name,Method name,Method signature,Cyclomatic complexity,Cognitive complexity,Max nesting depth,Line count,Parameter count,ABC score,Assignments,Branches,Conditions,Halstead volume,Halstead difficulty,Halstead estimated bugs
src/main/java/io/moderne/devcenter/BuildToolCard.java,io.moderne.devcenter.BuildToolCard,getInstanceName,"io.moderne.devcenter.BuildToolCard{name=getInstanceName,return=java.lang.String,parameters=[]}",1,0,0,5,0,1.0,0,1,0,4.75,1.0,0.0
src/main/java/io/moderne/devcenter/BuildToolCard.java,io.moderne.devcenter.BuildToolCard,getVisitor,"io.moderne.devcenter.BuildToolCard{name=getVisitor,return=org.openrewrite.TreeVisitor<Generic{?}, org.openrewrite.ExecutionContext>,parameters=[]}",3,4,2,18,0,11.05,1,11,0,300.02,10.11,0.07
src/main/java/io/moderne/devcenter/BuildToolCard.java,io.moderne.devcenter.BuildToolCard,getMeasures,"io.moderne.devcenter.BuildToolCard{name=getMeasures,return=java.util.List<io.moderne.devcenter.DevCenterMeasure>,parameters=[]}",1,0,0,5,0,2.0,0,2,0,19.65,1.5,0.0
src/main/java/io/moderne/devcenter/CSharpVersionUpgrade.java,io.moderne.devcenter.CSharpVersionUpgrade,getInstanceName,"io.moderne.devcenter.CSharpVersionUpgrade{name=getInstanceName,return=java.lang.String,parameters=[]}",1,0,0,5,0,0.0,0,0,0,8.0,1.0,0.0
src/main/java/io/moderne/devcenter/CSharpVersionUpgrade.java,io.moderne.devcenter.CSharpVersionUpgrade,getVisitor,"io.moderne.devcenter.CSharpVersionUpgrade{name=getVisitor,return=org.openrewrite.TreeVisitor<Generic{?}, org.openrewrite.ExecutionContext>,parameters=[]}",10,38,5,48,0,19.75,13,10,11,907.13,20.79,0.24
src/main/java/io/moderne/devcenter/CSharpVersionUpgrade.java,io.moderne.devcenter.CSharpVersionUpgrade,parseMajorVersion,"io.moderne.devcenter.CSharpVersionUpgrade{name=parseMajorVersion,return=int,parameters=[java.lang.String]}",6,5,1,20,1,11.22,2,11,1,281.76,10.69,0.07
src/main/java/io/moderne/devcenter/CSharpVersionUpgrade.java,io.moderne.devcenter.CSharpVersionUpgrade,getMeasures,"io.moderne.devcenter.CSharpVersionUpgrade{name=getMeasures,return=java.util.List<io.moderne.devcenter.DevCenterMeasure>,parameters=[]}",1,0,0,7,0,5.1,0,5,1,79.23,4.4,0.02
src/main/java/io/moderne/devcenter/CSharpVersionUpgrade.java,io.moderne.devcenter.CSharpVersionUpgrade,getFixRecipeId,"io.moderne.devcenter.CSharpVersionUpgrade{name=getFixRecipeId,return=java.lang.String,parameters=[]}",1,0,0,5,0,0.0,0,0,0,2.0,0.5,0.0
src/main/java/io/moderne/devcenter/DependencyVulnerabilityCheck.java,io.moderne.devcenter.DependencyVulnerabilityCheck,getInstanceNameSuffix,"io.moderne.devcenter.DependencyVulnerabilityCheck{name=getInstanceNameSuffix,return=java.lang.String,parameters=[]}",1,0,0,5,0,1.0,0,1,0,15.51,1.0,0.0
src/main/java/io/moderne/devcenter/DependencyVulnerabilityCheck.java,io.moderne.devcenter.DependencyVulnerabilityCheck,getVisitor,"io.moderne.devcenter.DependencyVulnerabilityCheck{name=getVisitor,return=org.openrewrite.TreeVisitor<Generic{?}, org.openrewrite.ExecutionContext>,parameters=[]}",18,34,4,68,0,49.98,4,49,9,2084.03,57.03,0.81
src/main/java/io/moderne/devcenter/DependencyVulnerabilityCheck.java,io.moderne.devcenter.DependencyVulnerabilityCheck,getFixRecipeId,"io.moderne.devcenter.DependencyVulnerabilityCheck{name=getFixRecipeId,return=java.lang.String,parameters=[]}",1,0,0,5,0,0.0,0,0,0,2.0,0.5,0.0
src/main/java/io/moderne/devcenter/DependencyVulnerabilityCheck.java,io.moderne.devcenter.DependencyVulnerabilityCheck,getMeasures,"io.moderne.devcenter.DependencyVulnerabilityCheck{name=getMeasures,return=java.util.List<io.moderne.devcenter.DevCenterMeasure>,parameters=[]}",6,6,2,17,0,15.13,0,15,2,317.8,12.89,0.09
src/main/java/io/moderne/devcenter/DependencyVulnerabilityCheck.java,io.moderne.devcenter.DependencyVulnerabilityCheck$UpgradeDeltaMeasure,ofVersions,"io.moderne.devcenter.DependencyVulnerabilityCheck$UpgradeDeltaMeasure{name=ofVersions,return=io.moderne.devcenter.DependencyVulnerabilityCheck$UpgradeDeltaMeasure,parameters=[java.lang.String,java.lang.String]}",9,9,3,18,2,8.37,3,5,6,361.21,17.76,0.12
src/main/java/io/moderne/devcenter/DependencyVulnerabilityCheck.java,io.moderne.devcenter.DependencyVulnerabilityCheck$SeverityMeasure,ofSeverity,"io.moderne.devcenter.DependencyVulnerabilityCheck$SeverityMeasure{name=ofSeverity,return=io.moderne.devcenter.DependencyVulnerabilityCheck$SeverityMeasure,parameters=[java.lang.String]}",1,0,0,7,1,7.0,0,7,0,96.63,4.88,0.02
src/main/java/io/moderne/devcenter/DependencyVulnerabilityCheck.java,io.moderne.devcenter.DependencyVulnerabilityCheck$EPSSMeasure,ofScore,"io.moderne.devcenter.DependencyVulnerabilityCheck$EPSSMeasure{name=ofScore,return=io.moderne.devcenter.DependencyVulnerabilityCheck$EPSSMeasure,parameters=[java.lang.Double]}",5,4,1,16,1,4.0,0,0,4,98.99,2.6,0.01
src/main/java/io/moderne/devcenter/DevCenter.java,io.moderne.devcenter.DevCenter,isDevCenter,"io.moderne.devcenter.DevCenter{name=isDevCenter,return=boolean,parameters=[org.openrewrite.config.RecipeDescriptor]}",7,10,3,17,1,12.0,0,12,0,260.0,9.3,0.06
src/main/java/io/moderne/devcenter/DevCenter.java,io.moderne.devcenter.DevCenter,validate,"io.moderne.devcenter.DevCenter{name=validate,return=void,parameters=[]}",9,9,2,29,0,20.62,4,20,3,598.25,20.25,0.18
src/main/java/io/moderne/devcenter/DevCenter.java,io.moderne.devcenter.DevCenter,getUpgradesAndMigrations,"io.moderne.devcenter.DevCenter{name=getUpgradesAndMigrations,return=java.util.List<io.moderne.devcenter.DevCenter$Card>,parameters=[]}",2,1,1,7,0,2.45,1,2,1,44.97,4.2,0.01
src/main/java/io/moderne/devcenter/DevCenter.java,io.moderne.devcenter.DevCenter,getSecurity,"io.moderne.devcenter.DevCenter{name=getSecurity,return=io.moderne.devcenter.DevCenter$Card,parameters=[]}",3,3,1,9,0,6.4,2,6,1,127.38,6.75,0.03
src/main/java/io/moderne/devcenter/DevCenter.java,io.moderne.devcenter.DevCenter,getCards,"io.moderne.devcenter.DevCenter{name=getCards,return=java.util.List<io.moderne.devcenter.DevCenter$Card>,parameters=[]}",2,1,1,9,0,5.48,2,5,1,95.91,6.0,0.02
src/main/java/io/moderne/devcenter/DevCenter.java,io.moderne.devcenter.DevCenter,getCard,"io.moderne.devcenter.DevCenter{name=getCard,return=io.moderne.devcenter.DevCenter$Card,parameters=[java.lang.String]}",3,3,2,9,1,4.0,0,4,0,81.75,6.19,0.02
src/main/java/io/moderne/devcenter/DevCenter.java,io.moderne.devcenter.DevCenter,getUpgradesAndMigrationsRecursive,"io.moderne.devcenter.DevCenter{name=getUpgradesAndMigrationsRecursive,return=java.util.List<io.moderne.devcenter.DevCenter$Card>,parameters=[org.openrewrite.Recipe,java.util.List<io.moderne.devcenter.DevCenter$Card>]}",5,4,2,28,2,15.03,1,15,0,414.09,14.55,0.11
src/main/java/io/moderne/devcenter/DevCenter.java,io.moderne.devcenter.DevCenter,getSecurityRecursive,"io.moderne.devcenter.DevCenter{name=getSecurityRecursive,return=java.util.List<io.moderne.devcenter.DevCenter$Card>,parameters=[org.openrewrite.Recipe,java.util.List<io.moderne.devcenter.DevCenter$Card>]}",7,14,4,49,2,25.73,6,25,1,759.13,27.89,0.26
src/main/java/io/moderne/devcenter/DevCenterValidationException.java,io.moderne.devcenter.DevCenterValidationException,DevCenterValidationException,"io.moderne.devcenter.DevCenterValidationException{name=<constructor>,return=io.moderne.devcenter.DevCenterValidationException,parameters=[java.util.List<java.lang.String>]}",1,0,0,7,1,5.1,1,5,0,85.84,5.33,0.02
src/main/java/io/moderne/devcenter/FindOrganizationStatistics.java,io.moderne.devcenter.FindOrganizationStatistics,maxCycles,"io.moderne.devcenter.FindOrganizationStatistics{name=maxCycles,return=int,parameters=[]}",1,0,0,5,0,0.0,0,0,0,2.0,0.5,0.0
src/main/java/io/moderne/devcenter/FindOrganizationStatistics.java,io.moderne.devcenter.FindOrganizationStatistics,getInitialValue,"io.moderne.devcenter.FindOrganizationStatistics{name=getInitialValue,return=java.util.concurrent.atomic.AtomicLong,parameters=[org.openrewrite.ExecutionContext]}",1,0,0,5,1,1.0,0,1,0,8.0,1.0,0.0
src/main/java/io/moderne/devcenter/FindOrganizationStatistics.java,io.moderne.devcenter.FindOrganizationStatistics,getScanner,"io.moderne.devcenter.FindOrganizationStatistics{name=getScanner,return=org.openrewrite.TreeVisitor<Generic{?}, org.openrewrite.ExecutionContext>,parameters=[java.util.concurrent.atomic.AtomicLong]}",6,7,2,18,1,9.17,2,8,4,367.95,14.0,0.1
src/main/java/io/moderne/devcenter/FindOrganizationStatistics.java,io.moderne.devcenter.FindOrganizationStatistics,generate,"io.moderne.devcenter.FindOrganizationStatistics{name=generate,return=java.util.Collection<Generic{? extends org.openrewrite.SourceFile}>,parameters=[java.util.concurrent.atomic.AtomicLong,org.openrewrite.ExecutionContext]}",1,0,0,6,2,4.0,0,4,0,48.11,2.5,0.01
src/main/java/io/moderne/devcenter/GroovyVersionUpgrade.java,io.moderne.devcenter.GroovyVersionUpgrade,getInstanceName,"io.moderne.devcenter.GroovyVersionUpgrade{name=getInstanceName,return=java.lang.String,parameters=[]}",1,0,0,5,0,0.0,0,0,0,8.0,1.0,0.0
src/main/java/io/moderne/devcenter/GroovyVersionUpgrade.java,io.moderne.devcenter.GroovyVersionUpgrade,getVisitor,"io.moderne.devcenter.GroovyVersionUpgrade{name=getVisitor,return=org.openrewrite.TreeVisitor<Generic{?}, org.openrewrite.ExecutionContext>,parameters=[]}",1,0,0,14,0,10.2,2,10,0,232.99,7.58,0.05
src/main/java/io/moderne/devcenter/GroovyVersionUpgrade.java,io.moderne.devcenter.GroovyVersionUpgrade,findGroovyDependency,"io.moderne.devcenter.GroovyVersionUpgrade{name=findGroovyDependency,return=org.openrewrite.Tree,parameters=[org.openrewrite.ExecutionContext,org.openrewrite.Tree,java.lang.String,java.lang.String]}",4,13,3,31,4,16.34,11,11,5,621.39,15.0,0.15
src/main/java/io/moderne/devcenter/GroovyVersionUpgrade.java,io.moderne.devcenter.GroovyVersionUpgrade,parseMajorVersion,"io.moderne.devcenter.GroovyVersionUpgrade{name=parseMajorVersion,return=int,parameters=[java.lang.String]}",1,0,0,5,1,2.24,1,2,0,41.51,1.69,0.01
src/main/java/io/moderne/devcenter/GroovyVersionUpgrade.java,io.moderne.devcenter.GroovyVersionUpgrade,getMeasures,"io.moderne.devcenter.GroovyVersionUpgrade{name=getMeasures,return=java.util.List<io.moderne.devcenter.DevCenterMeasure>,parameters=[]}",1,0,0,7,0,5.1,0,5,1,79.23,4.4,0.02
src/main/java/io/moderne/devcenter/GroovyVersionUpgrade.java,io.moderne.devcenter.GroovyVersionUpgrade,getFixRecipeId,"io.moderne.devcenter.GroovyVersionUpgrade{name=getFixRecipeId,return=java.lang.String,parameters=[]}",1,0,0,5,0,0.0,0,0,0,2.0,0.5,0.0
src/main/java/io/moderne/devcenter/JUnitJupiterUpgrade.java,io.moderne.devcenter.JUnitJupiterUpgrade,getVisitor,"io.moderne.devcenter.JUnitJupiterUpgrade{name=getVisitor,return=org.openrewrite.TreeVisitor<Generic{?}, org.openrewrite.ExecutionContext>,parameters=[]}",5,5,2,33,0,20.49,4,20,2,666.87,19.05,0.18
src/main/java/io/moderne/devcenter/JUnitJupiterUpgrade.java,io.moderne.devcenter.JUnitJupiterUpgrade,getMeasures,"io.moderne.devcenter.JUnitJupiterUpgrade{name=getMeasures,return=java.util.List<io.moderne.devcenter.DevCenterMeasure>,parameters=[]}",1,0,0,5,0,2.0,0,2,0,19.65,1.5,0.0
src/main/java/io/moderne/devcenter/JUnitJupiterUpgrade.java,io.moderne.devcenter.JUnitJupiterUpgrade,getFixRecipeId,"io.moderne.devcenter.JUnitJupiterUpgrade{name=getFixRecipeId,return=java.lang.String,parameters=[]}",2,1,0,7,0,1.0,0,0,1,18.09,2.0,0.0
src/main/java/io/moderne/devcenter/JavaVersionUpgrade.java,io.moderne.devcenter.JavaVersionUpgrade,getInstanceName,"io.moderne.devcenter.JavaVersionUpgrade{name=getInstanceName,return=java.lang.String,parameters=[]}",1,0,0,5,0,0.0,0,0,0,8.0,1.0,0.0
src/main/java/io/moderne/devcenter/JavaVersionUpgrade.java,io.moderne.devcenter.JavaVersionUpgrade,getVisitor,"io.moderne.devcenter.JavaVersionUpgrade{name=getVisitor,return=org.openrewrite.TreeVisitor<Generic{?}, org.openrewrite.ExecutionContext>,parameters=[]}",3,12,2,34,0,11.75,7,8,5,485.89,12.95,0.11
src/main/java/io/moderne/devcenter/JavaVersionUpgrade.java,io.moderne.devcenter.JavaVersionUpgrade,getMeasures,"io.moderne.devcenter.JavaVersionUpgrade{name=getMeasures,return=java.util.List<io.moderne.devcenter.DevCenterMeasure>,parameters=[]}",1,0,0,7,0,5.1,0,5,1,79.23,4.4,0.02
src/main/java/io/moderne/devcenter/JavaVersionUpgrade.java,io.moderne.devcenter.JavaVersionUpgrade,getFixRecipeId,"io.moderne.devcenter.JavaVersionUpgrade{name=getFixRecipeId,return=java.lang.String,parameters=[]}",1,0,0,5,0,0.0,0,0,0,2.0,0.5,0.0
src/main/java/io/moderne/devcenter/KotlinVersionUpgrade.java,io.moderne.devcenter.KotlinVersionUpgrade,getInstanceName,"io.moderne.devcenter.KotlinVersionUpgrade{name=getInstanceName,return=java.lang.String,parameters=[]}",1,0,0,5,0,0.0,0,0,0,8.0,1.0,0.0
src/main/java/io/moderne/devcenter/KotlinVersionUpgrade.java,io.moderne.devcenter.KotlinVersionUpgrade,getVisitor,"io.moderne.devcenter.KotlinVersionUpgrade{name=getVisitor,return=org.openrewrite.TreeVisitor<Generic{?}, org.openrewrite.ExecutionContext>,parameters=[]}",5,14,3,41,0,24.08,12,20,6,925.21,20.8,0.24
src/main/java/io/moderne/devcenter/KotlinVersionUpgrade.java,io.moderne.devcenter.KotlinVersionUpgrade,parseVersion,"io.moderne.devcenter.KotlinVersionUpgrade{name=parseVersion,return=int[],parameters=[java.lang.String]}",2,1,0,8,1,3.32,1,3,1,89.86,4.25,0.02
src/main/java/io/moderne/devcenter/KotlinVersionUpgrade.java,io.moderne.devcenter.KotlinVersionUpgrade,compareMajorMinor,"io.moderne.devcenter.KotlinVersionUpgrade{name=compareMajorMinor,return=int,parameters=[int[],int[]]}",2,1,1,7,2,2.24,0,2,1,73.08,5.33,0.02
src/main/java/io/moderne/devcenter/KotlinVersionUpgrade.java,io.moderne.devcenter.KotlinVersionUpgrade,getMeasures,"io.moderne.devcenter.KotlinVersionUpgrade{name=getMeasures,return=java.util.List<io.moderne.devcenter.DevCenterMeasure>,parameters=[]}",1,0,0,9,0,7.14,1,7,1,130.03,6.0,0.03
src/main/java/io/moderne/devcenter/KotlinVersionUpgrade.java,io.moderne.devcenter.KotlinVersionUpgrade,getFixRecipeId,"io.moderne.devcenter.KotlinVersionUpgrade{name=getFixRecipeId,return=java.lang.String,parameters=[]}",1,0,0,5,0,0.0,0,0,0,2.0,0.5,0.0
src/main/java/io/moderne/devcenter/LibraryUpgrade.java,io.moderne.devcenter.LibraryUpgrade,getInstanceName,"io.moderne.devcenter.LibraryUpgrade{name=getInstanceName,return=java.lang.String,parameters=[]}",1,0,0,5,0,1.0,0,1,0,4.75,1.0,0.0
src/main/java/io/moderne/devcenter/LibraryUpgrade.java,io.moderne.devcenter.LibraryUpgrade,getVisitor,"io.moderne.devcenter.LibraryUpgrade{name=getVisitor,return=org.openrewrite.TreeVisitor<Generic{?}, org.openrewrite.ExecutionContext>,parameters=[]}",2,1,1,25,0,18.97,6,18,0,520.32,11.78,0.11
src/main/java/io/moderne/devcenter/LibraryUpgrade.java,io.moderne.devcenter.LibraryUpgrade,getFixRecipeId,"io.moderne.devcenter.LibraryUpgrade{name=getFixRecipeId,return=java.lang.String,parameters=[]}",1,0,0,5,0,0.0,0,0,0,2.0,0.5,0.0
src/main/java/io/moderne/devcenter/LibraryUpgrade.java,io.moderne.devcenter.LibraryUpgrade,getMeasures,"io.moderne.devcenter.LibraryUpgrade{name=getMeasures,return=java.util.List<io.moderne.devcenter.DevCenterMeasure>,parameters=[]}",1,0,0,5,0,2.0,0,2,0,19.65,1.5,0.0
src/main/java/io/moderne/devcenter/NodeVersionUpgrade.java,io.moderne.devcenter.NodeVersionUpgrade,getInstanceName,"io.moderne.devcenter.NodeVersionUpgrade{name=getInstanceName,return=java.lang.String,parameters=[]}",1,0,0,5,0,0.0,0,0,0,8.0,1.0,0.0
src/main/java/io/moderne/devcenter/NodeVersionUpgrade.java,io.moderne.devcenter.NodeVersionUpgrade,getVisitor,"io.moderne.devcenter.NodeVersionUpgrade{name=getVisitor,return=org.openrewrite.TreeVisitor<Generic{?}, org.openrewrite.ExecutionContext>,parameters=[]}",7,35,6,42,0,16.19,10,9,9,759.11,16.8,0.18
src/main/java/io/moderne/devcenter/NodeVersionUpgrade.java,io.moderne.devcenter.NodeVersionUpgrade,parseMajorVersion,"io.moderne.devcenter.NodeVersionUpgrade{name=parseMajorVersion,return=int,parameters=[java.lang.String]}",3,2,1,12,1,8.25,2,8,0,161.42,7.0,0.04
src/main/java/io/moderne/devcenter/NodeVersionUpgrade.java,io.moderne.devcenter.NodeVersionUpgrade,getMeasures,"io.moderne.devcenter.NodeVersionUpgrade{name=getMeasures,return=java.util.List<io.moderne.devcenter.DevCenterMeasure>,parameters=[]}",1,0,0,7,0,5.1,0,5,1,79.23,4.4,0.02
src/main/java/io/moderne/devcenter/NodeVersionUpgrade.java,io.moderne.devcenter.NodeVersionUpgrade,getFixRecipeId,"io.moderne.devcenter.NodeVersionUpgrade{name=getFixRecipeId,return=java.lang.String,parameters=[]}",1,0,0,5,0,0.0,0,0,0,2.0,0.5,0.0
src/main/java/io/moderne/devcenter/ParentPomUpgrade.java,io.moderne.devcenter.ParentPomUpgrade,getInstanceName,"io.moderne.devcenter.ParentPomUpgrade{name=getInstanceName,return=java.lang.String,parameters=[]}",1,0,0,5,0,1.0,0,1,0,4.75,1.0,0.0
src/main/java/io/moderne/devcenter/ParentPomUpgrade.java,io.moderne.devcenter.ParentPomUpgrade,getVisitor,"io.moderne.devcenter.ParentPomUpgrade{name=getVisitor,return=org.openrewrite.TreeVisitor<Generic{?}, org.openrewrite.ExecutionContext>,parameters=[]}",3,3,2,27,0,19.0,6,18,1,545.89,14.2,0.13
src/main/java/io/moderne/devcenter/ParentPomUpgrade.java,io.moderne.devcenter.ParentPomUpgrade,getMeasures,"io.moderne.devcenter.ParentPomUpgrade{name=getMeasures,return=java.util.List<io.moderne.devcenter.DevCenterMeasure>,parameters=[]}",1,0,0,5,0,2.0,0,2,0,19.65,1.5,0.0
src/main/java/io/moderne/devcenter/ParentPomUpgrade.java,io.moderne.devcenter.ParentPomUpgrade,getFixRecipeId,"io.moderne.devcenter.ParentPomUpgrade{name=getFixRecipeId,return=java.lang.String,parameters=[]}",1,0,0,5,0,0.0,0,0,0,2.0,0.5,0.0
src/main/java/io/moderne/devcenter/PythonVersionUpgrade.java,io.moderne.devcenter.PythonVersionUpgrade,getInstanceName,"io.moderne.devcenter.PythonVersionUpgrade{name=getInstanceName,return=java.lang.String,parameters=[]}",1,0,0,5,0,0.0,0,0,0,8.0,1.0,0.0
src/main/java/io/moderne/devcenter/PythonVersionUpgrade.java,io.moderne.devcenter.PythonVersionUpgrade,getVisitor,"io.moderne.devcenter.PythonVersionUpgrade{name=getVisitor,return=org.openrewrite.TreeVisitor<Generic{?}, org.openrewrite.ExecutionContext>,parameters=[]}",8,32,5,44,0,17.72,12,7,11,840.17,19.57,0.22
src/main/java/io/moderne/devcenter/PythonVersionUpgrade.java,io.moderne.devcenter.PythonVersionUpgrade,parseMinimumVersion,"io.moderne.devcenter.PythonVersionUpgrade{name=parseMinimumVersion,return=int[],parameters=[java.lang.String]}",3,2,1,12,1,12.17,2,12,0,224.74,9.15,0.05
src/main/java/io/moderne/devcenter/PythonVersionUpgrade.java,io.moderne.devcenter.PythonVersionUpgrade,getMeasures,"io.moderne.devcenter.PythonVersionUpgrade{name=getMeasures,return=java.util.List<io.moderne.devcenter.DevCenterMeasure>,parameters=[]}",1,0,0,7,0,5.1,0,5,1,79.23,4.4,0.02
src/main/java/io/moderne/devcenter/PythonVersionUpgrade.java,io.moderne.devcenter.PythonVersionUpgrade,getFixRecipeId,"io.moderne.devcenter.PythonVersionUpgrade{name=getFixRecipeId,return=java.lang.String,parameters=[]}",1,0,0,5,0,0.0,0,0,0,2.0,0.5,0.0
src/main/java/io/moderne/devcenter/ReportAsSecurityIssues.java,io.moderne.devcenter.ReportAsSecurityIssues,getInstanceName,"io.moderne.devcenter.ReportAsSecurityIssues{name=getInstanceName,return=java.lang.String,parameters=[]}",1,0,0,5,0,0.0,0,0,0,2.0,0.5,0.0
src/main/java/io/moderne/devcenter/ReportAsSecurityIssues.java,io.moderne.devcenter.ReportAsSecurityIssues,getVisitor,"io.moderne.devcenter.ReportAsSecurityIssues{name=getVisitor,return=org.openrewrite.TreeVisitor<Generic{?}, org.openrewrite.ExecutionContext>,parameters=[]}",7,28,6,32,0,19.87,5,19,3,652.38,22.7,0.2
src/main/java/io/moderne/devcenter/ScalaVersionUpgrade.java,io.moderne.devcenter.ScalaVersionUpgrade,getInstanceName,"io.moderne.devcenter.ScalaVersionUpgrade{name=getInstanceName,return=java.lang.String,parameters=[]}",1,0,0,5,0,0.0,0,0,0,8.0,1.0,0.0
src/main/java/io/moderne/devcenter/ScalaVersionUpgrade.java,io.moderne.devcenter.ScalaVersionUpgrade,getVisitor,"io.moderne.devcenter.ScalaVersionUpgrade{name=getVisitor,return=org.openrewrite.TreeVisitor<Generic{?}, org.openrewrite.ExecutionContext>,parameters=[]}",2,1,1,21,0,9.27,2,9,1,247.71,8.57,0.06
src/main/java/io/moderne/devcenter/ScalaVersionUpgrade.java,io.moderne.devcenter.ScalaVersionUpgrade$FindResult,FindResult,"io.moderne.devcenter.ScalaVersionUpgrade$FindResult{name=<constructor>,return=io.moderne.devcenter.ScalaVersionUpgrade$FindResult,parameters=[org.openrewrite.Tree,boolean]}",1,0,0,5,2,2.0,2,0,0,9.51,1.0,0.0
src/main/java/io/moderne/devcenter/ScalaVersionUpgrade.java,io.moderne.devcenter.ScalaVersionUpgrade,findScalaDependency,"io.moderne.devcenter.ScalaVersionUpgrade{name=findScalaDependency,return=io.moderne.devcenter.ScalaVersionUpgrade$FindResult,parameters=[org.openrewrite.ExecutionContext,org.openrewrite.Tree,java.lang.String,java.lang.String]}",5,14,4,34,4,20.12,12,15,6,711.3,19.07,0.19
src/main/java/io/moderne/devcenter/ScalaVersionUpgrade.java,io.moderne.devcenter.ScalaVersionUpgrade,parseMajorVersion,"io.moderne.devcenter.ScalaVersionUpgrade{name=parseMajorVersion,return=int,parameters=[java.lang.String]}",1,0,0,5,1,2.24,1,2,0,41.51,1.69,0.01
src/main/java/io/moderne/devcenter/ScalaVersionUpgrade.java,io.moderne.devcenter.ScalaVersionUpgrade,parseMinorVersion,"io.moderne.devcenter.ScalaVersionUpgrade{name=parseMinorVersion,return=int,parameters=[java.lang.String]}",2,1,0,5,1,2.45,1,2,1,70.32,3.25,0.01
src/main/java/io/moderne/devcenter/ScalaVersionUpgrade.java,io.moderne.devcenter.ScalaVersionUpgrade,getMeasures,"io.moderne.devcenter.ScalaVersionUpgrade{name=getMeasures,return=java.util.List<io.moderne.devcenter.DevCenterMeasure>,parameters=[]}",1,0,0,7,0,5.1,0,5,1,79.23,4.4,0.02
src/main/java/io/moderne/devcenter/ScalaVersionUpgrade.java,io.moderne.devcenter.ScalaVersionUpgrade,getFixRecipeId,"io.moderne.devcenter.ScalaVersionUpgrade{name=getFixRecipeId,return=java.lang.String,parameters=[]}",1,0,0,5,0,0.0,0,0,0,2.0,0.5,0.0
src/main/java/io/moderne/devcenter/SemverMeasure.java,io.moderne.devcenter.SemverMeasure,getName,"io.moderne.devcenter.SemverMeasure{name=getName,return=java.lang.String,parameters=[]}",1,0,0,5,0,1.0,0,1,0,4.75,1.0,0.0
src/main/java/io/moderne/devcenter/SemverRowBuilder.java,io.moderne.devcenter.SemverRowBuilder,SemverRowBuilder,"io.moderne.devcenter.SemverRowBuilder{name=<constructor>,return=io.moderne.devcenter.SemverRowBuilder,parameters=[java.lang.String,java.lang.String]}",6,5,2,26,2,9.64,8,5,2,318.02,11.23,0.08
src/main/java/io/moderne/devcenter/SemverRowBuilder.java,io.moderne.devcenter.SemverRowBuilder,getRow,"io.moderne.devcenter.SemverRowBuilder{name=getRow,return=io.moderne.devcenter.table.UpgradesAndMigrations$Row,parameters=[java.lang.String]}",4,3,1,24,1,24.19,3,24,0,787.56,17.6,0.19
src/main/java/io/moderne/devcenter/UpgradeMigrationCard.java,io.moderne.devcenter.UpgradeMigrationCard,ordinal,"io.moderne.devcenter.UpgradeMigrationCard{name=ordinal,return=int,parameters=[io.moderne.devcenter.DevCenterMeasure]}",1,0,0,4,1,2.0,0,2,0,15.51,1.5,0.0
src/main/java/io/moderne/devcenter/internal/DataTableRowWatcher.java,io.moderne.devcenter.internal.DataTableRowWatcher,DataTableRowWatcher,"io.moderne.devcenter.internal.DataTableRowWatcher{name=<constructor>,return=io.moderne.devcenter.internal.DataTableRowWatcher,parameters=[org.openrewrite.DataTable<Generic{Row}>,org.openrewrite.ExecutionContext]}",1,0,0,5,2,2.0,2,0,0,9.51,1.0,0.0
src/main/java/io/moderne/devcenter/internal/DataTableRowWatcher.java,io.moderne.devcenter.internal.DataTableRowWatcher,start,"io.moderne.devcenter.internal.DataTableRowWatcher{name=start,return=void,parameters=[]}",1,0,0,5,0,6.32,2,6,0,95.08,4.67,0.02
src/main/java/io/moderne/devcenter/internal/DataTableRowWatcher.java,io.moderne.devcenter.internal.DataTableRowWatcher,stop,"io.moderne.devcenter.internal.DataTableRowWatcher{name=stop,return=java.util.List<Generic{Row}>,parameters=[]}",2,1,1,11,0,12.21,2,12,1,232.04,10.68,0.06
src/main/java/io/moderne/devcenter/result/DevCenterResult.java,io.moderne.devcenter.result.DevCenterResult,forEach,"io.moderne.devcenter.result.DevCenterResult{name=forEach,return=void,parameters=[io.moderne.devcenter.DevCenter$Card,java.util.function.BiConsumer<Generic{? super io.moderne.devcenter.DevCenterMeasure}, java.lang.Integer>]}",2,1,1,7,2,3.32,1,3,1,60.92,3.06,0.01
src/main/java/io/moderne/devcenter/result/DevCenterResult.java,io.moderne.devcenter.result.DevCenterResult$ByMeasure,ByMeasure,"io.moderne.devcenter.result.DevCenterResult$ByMeasure{name=<constructor>,return=io.moderne.devcenter.result.DevCenterResult$ByMeasure,parameters=[]}",1,0,0,4,0,2.24,1,2,0,28.53,1.5,0.0
src/main/java/io/moderne/devcenter/result/DevCenterResultReducer.java,io.moderne.devcenter.result.DevCenterResultReducer,reduce,"io.moderne.devcenter.result.DevCenterResultReducer{name=reduce,return=io.moderne.devcenter.result.DevCenterResult,parameters=[io.moderne.organizations.Organization<Generic{?}>]}",11,21,3,53,1,39.94,7,39,5,1164.9,34.6,0.39
src/main/java/io/moderne/devcenter/result/DevCenterResultReducer.java,io.moderne.devcenter.result.DevCenterResultReducer,fromDataTables,"io.moderne.devcenter.result.DevCenterResultReducer{name=fromDataTables,return=io.moderne.devcenter.result.DevCenterResultReducer,parameters=[io.moderne.devcenter.DevCenter,io.moderne.organizations.Organization<Generic{?}>,java.io.Reader,java.io.Reader]}",4,3,1,21,4,10.05,2,9,4,279.69,8.36,0.06
src/main/java/io/moderne/devcenter/result/DevCenterResultReducer.java,io.moderne.devcenter.result.DevCenterResultReducer,repositoryMap,"io.moderne.devcenter.result.DevCenterResultReducer{name=repositoryMap,return=java.util.Map<io.moderne.organizations.RepositoryId, java.util.List<io.moderne.organizations.Organization<io.moderne.devcenter.result.RepositoryResult>>>,parameters=[io.moderne.organizations.Organization<io.moderne.devcenter.result.RepositoryResult>,java.util.Map<io.moderne.organizations.RepositoryId, java.util.List<io.moderne.organizations.Organization<io.moderne.devcenter.result.RepositoryResult>>>]}",3,2,1,21,2,7.0,0,7,0,153.25,7.33,0.04
src/main/java/io/moderne/devcenter/result/SecurityIssuesReader.java,io.moderne.devcenter.result.SecurityIssuesReader,read,"io.moderne.devcenter.result.SecurityIssuesReader{name=read,return=void,parameters=[java.io.Reader]}",21,40,5,75,1,38.54,19,32,10,1622.38,46.58,0.6
src/main/java/io/moderne/devcenter/result/SecurityIssuesReader.java,io.moderne.devcenter.result.SecurityIssuesReader$SecurityIssuesColumn,fromString,"io.moderne.devcenter.result.SecurityIssuesReader$SecurityIssuesColumn{name=fromString,return=io.moderne.devcenter.result.SecurityIssuesReader$SecurityIssuesColumn,parameters=[java.lang.String]}",3,3,2,9,1,2.0,0,2,0,51.89,3.75,0.01
src/main/java/io/moderne/devcenter/result/UpgradesAndMigrationsReader.java,io.moderne.devcenter.result.UpgradesAndMigrationsReader,read,"io.moderne.devcenter.result.UpgradesAndMigrationsReader{name=read,return=void,parameters=[java.io.Reader]}",24,53,7,83,1,39.86,20,33,10,1720.66,48.46,0.64
src/main/java/io/moderne/devcenter/result/UpgradesAndMigrationsReader.java,io.moderne.devcenter.result.UpgradesAndMigrationsReader$UpgradesAndMigrationsColumn,fromString,"io.moderne.devcenter.result.UpgradesAndMigrationsReader$UpgradesAndMigrationsColumn{name=fromString,return=io.moderne.devcenter.result.UpgradesAndMigrationsReader$UpgradesAndMigrationsColumn,parameters=[java.lang.String]}",3,3,2,9,1,2.0,0,2,0,51.89,3.75,0.01
src/main/java/io/moderne/devcenter/table/OrganizationStatistics.java,io.moderne.devcenter.table.OrganizationStatistics,OrganizationStatistics,"io.moderne.devcenter.table.OrganizationStatistics{name=<constructor>,return=io.moderne.devcenter.table.OrganizationStatistics,parameters=[org.openrewrite.Recipe]}",1,0,0,5,1,1.0,0,1,0,8.0,0.5,0.0
src/main/java/io/moderne/devcenter/table/SecurityIssues.java,io.moderne.devcenter.table.SecurityIssues,SecurityIssues,"io.moderne.devcenter.table.SecurityIssues{name=<constructor>,return=io.moderne.devcenter.table.SecurityIssues,parameters=[org.openrewrite.Recipe]}",1,0,0,4,1,1.0,0,1,0,8.0,0.5,0.0
src/main/java/io/moderne/devcenter/table/UpgradesAndMigrations.java,io.moderne.devcenter.table.UpgradesAndMigrations,getBestRows,"io.moderne.devcenter.table.UpgradesAndMigrations{name=getBestRows,return=java.util.Map<java.lang.String, io.moderne.devcenter.table.UpgradesAndMigrations$Row>,parameters=[org.openrewrite.ExecutionContext]}",1,0,0,4,1,2.0,0,2,0,28.53,2.0,0.0
src/main/java/io/moderne/devcenter/table/UpgradesAndMigrations.java,io.moderne.devcenter.table.UpgradesAndMigrations,UpgradesAndMigrations,"io.moderne.devcenter.table.UpgradesAndMigrations{name=<constructor>,return=io.moderne.devcenter.table.UpgradesAndMigrations,parameters=[]}",1,0,0,4,0,1.0,0,1,0,4.75,0.5,0.0
src/main/java/io/moderne/devcenter/table/UpgradesAndMigrations.java,io.moderne.devcenter.table.UpgradesAndMigrations,UpgradesAndMigrations,"io.moderne.devcenter.table.UpgradesAndMigrations{name=<constructor>,return=io.moderne.devcenter.table.UpgradesAndMigrations,parameters=[Generic{T extends io.moderne.devcenter.UpgradeMigrationCard}]}",1,0,0,4,1,1.0,0,1,0,8.0,0.5,0.0
src/main/java/io/moderne/devcenter/table/UpgradesAndMigrations.java,io.moderne.devcenter.table.UpgradesAndMigrations,insertRow,"io.moderne.devcenter.table.UpgradesAndMigrations{name=insertRow,return=void,parameters=[org.openrewrite.ExecutionContext,io.moderne.devcenter.UpgradeMigrationCard,Generic{E extends io.moderne.devcenter.DevCenterMeasure},java.lang.String]}",1,0,0,12,4,5.0,0,5,0,66.42,3.0,0.01
src/main/java/io/moderne/devcenter/table/UpgradesAndMigrations.java,io.moderne.devcenter.table.UpgradesAndMigrations,allowWritingInThisCycle,"io.moderne.devcenter.table.UpgradesAndMigrations{name=allowWritingInThisCycle,return=boolean,parameters=[org.openrewrite.ExecutionContext]}",2,1,0,5,1,2.24,0,2,1,36.54,3.0,0.01
src/main/java/io/moderne/devcenter/table/UpgradesAndMigrations.java,io.moderne.devcenter.table.UpgradesAndMigrations,insertRow,"io.moderne.devcenter.table.UpgradesAndMigrations{name=insertRow,return=void,parameters=[org.openrewrite.ExecutionContext,io.moderne.devcenter.table.UpgradesAndMigrations$Row]}",4,5,1,15,2,6.16,3,5,2,197.1,10.5,0.05
src/main/java/io/moderne/devcenter/table/UpgradesAndMigrations.java,io.moderne.devcenter.table.UpgradesAndMigrations,bestRow,"io.moderne.devcenter.table.UpgradesAndMigrations{name=bestRow,return=io.moderne.devcenter.table.UpgradesAndMigrations$Row,parameters=[io.moderne.devcenter.table.UpgradesAndMigrations$Row,io.moderne.devcenter.table.UpgradesAndMigrations$Row]}",6,6,1,16,2,13.0,0,12,5,261.34,18.32,0.09
src/test/java/io/moderne/devcenter/BuildToolCardTest.java,io.moderne.devcenter.BuildToolCardTest,detectsMajorVersionBehind,"io.moderne.devcenter.BuildToolCardTest{name=detectsMajorVersionBehind,return=void,parameters=[]}",1,0,0,22,0,13.04,1,13,0,310.74,8.69,0.06
src/test/java/io/moderne/devcenter/BuildToolCardTest.java,io.moderne.devcenter.BuildToolCardTest,detectsMinorVersionBehind,"io.moderne.devcenter.BuildToolCardTest{name=detectsMinorVersionBehind,return=void,parameters=[]}",1,0,0,22,0,13.04,1,13,0,310.74,8.69,0.06
src/test/java/io/moderne/devcenter/BuildToolCardTest.java,io.moderne.devcenter.BuildToolCardTest,detectsPatchVersionBehind,"io.moderne.devcenter.BuildToolCardTest{name=detectsPatchVersionBehind,return=void,parameters=[]}",1,0,0,22,0,13.04,1,13,0,310.74,8.69,0.06
src/test/java/io/moderne/devcenter/BuildToolCardTest.java,io.moderne.devcenter.BuildToolCardTest,detectsCompleted,"io.moderne.devcenter.BuildToolCardTest{name=detectsCompleted,return=void,parameters=[]}",1,0,0,22,0,13.04,1,13,0,310.74,8.69,0.06
src/test/java/io/moderne/devcenter/BuildToolCardTest.java,io.moderne.devcenter.BuildToolCardTest,filtersByBuildToolCaseInsensitive,"io.moderne.devcenter.BuildToolCardTest{name=filtersByBuildToolCaseInsensitive,return=void,parameters=[]}",1,0,0,22,0,13.04,1,13,0,310.74,8.69,0.06
src/test/java/io/moderne/devcenter/BuildToolCardTest.java,io.moderne.devcenter.BuildToolCardTest,getMeasuresReturnsSemverMeasures,"io.moderne.devcenter.BuildToolCardTest{name=getMeasuresReturnsSemverMeasures,return=void,parameters=[]}",1,0,0,7,0,5.1,1,5,0,73.57,2.71,0.01
src/test/java/io/moderne/devcenter/BuildToolCardTest.java,io.moderne.devcenter.BuildToolCardTest,instanceNameIsCardName,"io.moderne.devcenter.BuildToolCardTest{name=instanceNameIsCardName,return=void,parameters=[]}",1,0,0,6,0,4.12,1,4,0,60.92,2.4,0.01
src/test/java/io/moderne/devcenter/BuildToolCardTest.java,io.moderne.devcenter.BuildToolCardTest,noFixRecipe,"io.moderne.devcenter.BuildToolCardTest{name=noFixRecipe,return=void,parameters=[]}",1,0,0,6,0,4.12,1,4,0,57.11,2.2,0.01
src/test/java/io/moderne/devcenter/BuildToolCardTest.java,io.moderne.devcenter.BuildToolCardTest,argFixRecipe,"io.moderne.devcenter.BuildToolCardTest{name=argFixRecipe,return=void,parameters=[]}",1,0,0,6,0,4.12,1,4,0,60.92,2.4,0.01
src/test/java/io/moderne/devcenter/CSharpVersionUpgradeTest.java,io.moderne.devcenter.CSharpVersionUpgradeTest,msBuildMarker,"io.moderne.devcenter.CSharpVersionUpgradeTest{name=msBuildMarker,return=org.openrewrite.csharp.marker.MSBuildProject,parameters=[java.lang.String[]]}",1,0,0,12,1,11.05,1,11,0,175.93,8.25,0.04
src/test/java/io/moderne/devcenter/CSharpVersionUpgradeTest.java,io.moderne.devcenter.CSharpVersionUpgradeTest,dotnetVersions,"io.moderne.devcenter.CSharpVersionUpgradeTest{name=dotnetVersions,return=java.util.stream.Stream<org.junit.jupiter.params.provider.Arguments>,parameters=[]}",1,0,0,14,0,10.0,0,10,0,294.29,2.95,0.03
src/test/java/io/moderne/devcenter/CSharpVersionUpgradeTest.java,io.moderne.devcenter.CSharpVersionUpgradeTest,usesLowestVersionWhenMultiTargeting,"io.moderne.devcenter.CSharpVersionUpgradeTest{name=usesLowestVersionWhenMultiTargeting,return=void,parameters=[]}",1,0,0,19,0,12.04,1,12,0,258.5,8.75,0.06
src/test/java/io/moderne/devcenter/CSharpVersionUpgradeTest.java,io.moderne.devcenter.CSharpVersionUpgradeTest,detectsDotNetVersion,"io.moderne.devcenter.CSharpVersionUpgradeTest{name=detectsDotNetVersion,return=void,parameters=[int,java.lang.String,java.lang.String,io.moderne.devcenter.CSharpVersionUpgrade$Measure]}",1,0,0,21,4,12.04,1,12,0,265.68,9.48,0.06
src/test/java/io/moderne/devcenter/CSharpVersionUpgradeTest.java,io.moderne.devcenter.CSharpVersionUpgradeTest,skipsWhenNoTargetFrameworks,"io.moderne.devcenter.CSharpVersionUpgradeTest{name=skipsWhenNoTargetFrameworks,return=void,parameters=[]}",1,0,0,14,0,9.06,1,9,0,150.41,6.56,0.03
src/test/java/io/moderne/devcenter/CSharpVersionUpgradeTest.java,io.moderne.devcenter.CSharpVersionUpgradeTest,versionAndMeasures,"io.moderne.devcenter.CSharpVersionUpgradeTest{name=versionAndMeasures,return=java.util.stream.Stream<org.junit.jupiter.params.provider.Arguments>,parameters=[]}",1,0,0,11,0,13.0,0,13,0,362.21,2.95,0.03
src/test/java/io/moderne/devcenter/CSharpVersionUpgradeTest.java,io.moderne.devcenter.CSharpVersionUpgradeTest,measuresShouldNotIncludeTargetVersionOrAbove,"io.moderne.devcenter.CSharpVersionUpgradeTest{name=measuresShouldNotIncludeTargetVersionOrAbove,return=void,parameters=[int,java.util.List<io.moderne.devcenter.CSharpVersionUpgrade$Measure>,int]}",1,0,0,12,3,7.07,1,7,0,108.05,3.86,0.02
src/test/java/io/moderne/devcenter/DependencyVulnerabilityCheckTest.java,io.moderne.devcenter.DependencyVulnerabilityCheckTest,detectsVulnerabilities,"io.moderne.devcenter.DependencyVulnerabilityCheckTest{name=detectsVulnerabilities,return=void,parameters=[]}",1,0,0,26,0,9.0,0,9,0,174.89,5.63,0.03
src/test/java/io/moderne/devcenter/DependencyVulnerabilityCheckTest.java,io.moderne.devcenter.DependencyVulnerabilityCheckTest,detectsVulnerabilitySeverities,"io.moderne.devcenter.DependencyVulnerabilityCheckTest{name=detectsVulnerabilitySeverities,return=void,parameters=[]}",1,0,0,27,0,9.0,0,9,0,176.65,5.36,0.03
src/test/java/io/moderne/devcenter/DependencyVulnerabilityCheckTest.java,io.moderne.devcenter.DependencyVulnerabilityCheckTest,detectsRiscScore,"io.moderne.devcenter.DependencyVulnerabilityCheckTest{name=detectsRiscScore,return=void,parameters=[]}",1,0,0,27,0,9.0,0,9,0,176.65,5.36,0.03
src/test/java/io/moderne/devcenter/DevCenterTest.java,io.moderne.devcenter.DevCenterTest,before,"io.moderne.devcenter.DevCenterTest{name=before,return=void,parameters=[]}",1,0,0,6,0,2.83,2,2,0,36.0,1.33,0.0
src/test/java/io/moderne/devcenter/DevCenterTest.java,io.moderne.devcenter.DevCenterTest,isDevCenter,"io.moderne.devcenter.DevCenterTest{name=isDevCenter,return=void,parameters=[]}",1,0,0,17,0,23.0,0,23,0,254.19,7.93,0.05
src/test/java/io/moderne/devcenter/DevCenterTest.java,io.moderne.devcenter.DevCenterTest,valid,"io.moderne.devcenter.DevCenterTest{name=valid,return=void,parameters=[]}",1,0,0,18,0,22.02,1,22,0,335.28,11.04,0.08
src/test/java/io/moderne/devcenter/DevCenterTest.java,io.moderne.devcenter.DevCenterTest,upgradeDoesntRequireFix,"io.moderne.devcenter.DevCenterTest{name=upgradeDoesntRequireFix,return=void,parameters=[]}",1,0,0,21,0,11.4,3,11,0,188.26,4.7,0.03
src/test/java/io/moderne/devcenter/DevCenterTest.java,io.moderne.devcenter.DevCenterTest,validateStandAloneDevCenterRecipe,"io.moderne.devcenter.DevCenterTest{name=validateStandAloneDevCenterRecipe,return=void,parameters=[]}",1,0,0,6,0,2.24,1,2,0,22.46,1.2,0.0
src/test/java/io/moderne/devcenter/DevCenterTest.java,io.moderne.devcenter.DevCenterTest,uniqueCardNames,"io.moderne.devcenter.DevCenterTest{name=uniqueCardNames,return=void,parameters=[]}",1,0,0,24,0,13.34,3,13,0,243.13,5.69,0.04
src/test/java/io/moderne/devcenter/DevCenterTest.java,io.moderne.devcenter.DevCenterTest,noCards,"io.moderne.devcenter.DevCenterTest{name=noCards,return=void,parameters=[]}",1,0,0,10,0,6.08,1,6,0,102.57,3.19,0.02
src/test/java/io/moderne/devcenter/DevCenterTest.java,io.moderne.devcenter.DevCenterTest,twoUpgradeCardsFromOneRepository,"io.moderne.devcenter.DevCenterTest{name=twoUpgradeCardsFromOneRepository,return=void,parameters=[]}",1,0,0,32,0,12.0,0,12,0,241.08,7.56,0.05
src/test/java/io/moderne/devcenter/DevCenterTest.java,io.moderne.devcenter.DevCenterTest,recipeFromDifferentClassLoaderIdentifiesCards,"io.moderne.devcenter.DevCenterTest{name=recipeFromDifferentClassLoaderIdentifiesCards,return=void,parameters=[java.lang.String,org.openrewrite.Recipe]}",1,0,0,10,2,2.24,1,2,0,22.46,1.2,0.0
src/test/java/io/moderne/devcenter/DevCenterTest.java,io.moderne.devcenter.DevCenterTest,recipesFromIsolatedClassLoader,"io.moderne.devcenter.DevCenterTest{name=recipesFromIsolatedClassLoader,return=java.util.stream.Stream<org.junit.jupiter.params.provider.Arguments>,parameters=[]}",5,6,3,50,0,17.83,5,17,2,756.42,17.25,0.18
src/test/java/io/moderne/devcenter/DevCenterTest.java,io.moderne.devcenter.DevCenterTest,devcenterWithMultipleLibraryUpgradeRecipesHasCorrectData,"io.moderne.devcenter.DevCenterTest{name=devcenterWithMultipleLibraryUpgradeRecipesHasCorrectData,return=void,parameters=[]}",1,0,0,65,0,12.04,1,12,0,305.5,7.03,0.06
src/test/java/io/moderne/devcenter/FindOrganizationStatisticsTest.java,io.moderne.devcenter.FindOrganizationStatisticsTest,countsLinesOfCode,"io.moderne.devcenter.FindOrganizationStatisticsTest{name=countsLinesOfCode,return=void,parameters=[]}",1,0,0,19,0,11.0,0,11,0,174.89,6.72,0.04
src/test/java/io/moderne/devcenter/GroovyVersionUpgradeTest.java,io.moderne.devcenter.GroovyVersionUpgradeTest,groovyVersions,"io.moderne.devcenter.GroovyVersionUpgradeTest{name=groovyVersions,return=java.util.stream.Stream<org.junit.jupiter.params.provider.Arguments>,parameters=[]}",1,0,0,11,0,7.0,0,7,0,198.81,2.11,0.02
src/test/java/io/moderne/devcenter/GroovyVersionUpgradeTest.java,io.moderne.devcenter.GroovyVersionUpgradeTest,detectsGroovyVersion,"io.moderne.devcenter.GroovyVersionUpgradeTest{name=detectsGroovyVersion,return=void,parameters=[int,java.lang.String,java.lang.String,io.moderne.devcenter.GroovyVersionUpgrade$Measure]}",1,0,0,37,4,14.04,1,14,0,324.64,12.3,0.08
src/test/java/io/moderne/devcenter/GroovyVersionUpgradeTest.java,io.moderne.devcenter.GroovyVersionUpgradeTest,versionAndMeasures,"io.moderne.devcenter.GroovyVersionUpgradeTest{name=versionAndMeasures,return=java.util.stream.Stream<org.junit.jupiter.params.provider.Arguments>,parameters=[]}",1,0,0,9,0,9.0,0,9,0,179.72,2.77,0.02
src/test/java/io/moderne/devcenter/GroovyVersionUpgradeTest.java,io.moderne.devcenter.GroovyVersionUpgradeTest,measuresShouldNotIncludeTargetVersionOrAbove,"io.moderne.devcenter.GroovyVersionUpgradeTest{name=measuresShouldNotIncludeTargetVersionOrAbove,return=void,parameters=[int,java.util.List<io.moderne.devcenter.GroovyVersionUpgrade$Measure>]}",1,0,0,9,2,4.12,1,4,0,51.81,2.22,0.01
src/test/java/io/moderne/devcenter/JUnitJupiterUpgradeTest.java,io.moderne.devcenter.JUnitJupiterUpgradeTest,defaults,"io.moderne.devcenter.JUnitJupiterUpgradeTest{name=defaults,return=void,parameters=[org.openrewrite.test.RecipeSpec]}",1,0,0,5,1,2.0,0,2,0,11.61,1.0,0.0
src/test/java/io/moderne/devcenter/JUnitJupiterUpgradeTest.java,io.moderne.devcenter.JUnitJupiterUpgradeTest,junit4,"io.moderne.devcenter.JUnitJupiterUpgradeTest{name=junit4,return=void,parameters=[]}",1,0,0,17,0,2.0,0,2,0,41.51,1.69,0.01
src/test/java/io/moderne/devcenter/JUnitJupiterUpgradeTest.java,io.moderne.devcenter.JUnitJupiterUpgradeTest,junit5,"io.moderne.devcenter.JUnitJupiterUpgradeTest{name=junit5,return=void,parameters=[]}",1,0,0,8,0,2.0,0,2,0,41.51,1.69,0.01
src/test/java/io/moderne/devcenter/JUnitJupiterUpgradeTest.java,io.moderne.devcenter.JUnitJupiterUpgradeTest,junit6,"io.moderne.devcenter.JUnitJupiterUpgradeTest{name=junit6,return=void,parameters=[]}",1,0,0,8,0,2.0,0,2,0,41.51,1.69,0.01
src/test/java/io/moderne/devcenter/JUnitJupiterUpgradeTest.java,io.moderne.devcenter.JUnitJupiterUpgradeTest,bothJUnit4And5,"io.moderne.devcenter.JUnitJupiterUpgradeTest{name=bothJUnit4And5,return=void,parameters=[]}",1,0,0,9,0,2.0,0,2,0,46.6,1.67,0.01
src/test/java/io/moderne/devcenter/JUnitJupiterUpgradeTest.java,io.moderne.devcenter.JUnitJupiterUpgradeTest,assertUpgradeStatus,"io.moderne.devcenter.JUnitJupiterUpgradeTest{name=assertUpgradeStatus,return=org.openrewrite.test.RecipeSpec,parameters=[io.moderne.devcenter.JUnitJupiterUpgrade$Measure,java.lang.String,org.openrewrite.test.RecipeSpec]}",1,0,0,12,3,6.0,0,6,0,109.81,5.23,0.02
src/test/java/io/moderne/devcenter/JavaVersionUpgradeTest.java,io.moderne.devcenter.JavaVersionUpgradeTest,javaVersions,"io.moderne.devcenter.JavaVersionUpgradeTest{name=javaVersions,return=java.util.stream.Stream<org.junit.jupiter.params.provider.Arguments>,parameters=[]}",1,0,0,9,0,5.0,0,5,0,96.86,2.44,0.01
src/test/java/io/moderne/devcenter/JavaVersionUpgradeTest.java,io.moderne.devcenter.JavaVersionUpgradeTest,java8,"io.moderne.devcenter.JavaVersionUpgradeTest{name=java8,return=void,parameters=[int,int,io.moderne.devcenter.JavaVersionUpgrade$Measure]}",1,0,0,20,3,12.04,1,12,0,255.26,9.21,0.06
src/test/java/io/moderne/devcenter/JavaVersionUpgradeTest.java,io.moderne.devcenter.JavaVersionUpgradeTest,versionAndMeasures,"io.moderne.devcenter.JavaVersionUpgradeTest{name=versionAndMeasures,return=java.util.stream.Stream<org.junit.jupiter.params.provider.Arguments>,parameters=[]}",1,0,0,11,0,13.0,0,13,0,316.62,2.85,0.03
src/test/java/io/moderne/devcenter/JavaVersionUpgradeTest.java,io.moderne.devcenter.JavaVersionUpgradeTest,measuresShouldNotIncludeTargetVersionOrAbove,"io.moderne.devcenter.JavaVersionUpgradeTest{name=measuresShouldNotIncludeTargetVersionOrAbove,return=void,parameters=[int,java.util.List<io.moderne.devcenter.JavaVersionUpgrade$Measure>,int]}",1,0,0,12,3,7.07,1,7,0,108.05,3.86,0.02
src/test/java/io/moderne/devcenter/KotlinVersionUpgradeTest.java,io.moderne.devcenter.KotlinVersionUpgradeTest,kotlinVersions,"io.moderne.devcenter.KotlinVersionUpgradeTest{name=kotlinVersions,return=java.util.stream.Stream<org.junit.jupiter.params.provider.Arguments>,parameters=[]}",1,0,0,14,0,10.0,0,10,0,250.67,2.61,0.03
src/test/java/io/moderne/devcenter/KotlinVersionUpgradeTest.java,io.moderne.devcenter.KotlinVersionUpgradeTest,detectsKotlinVersion,"io.moderne.devcenter.KotlinVersionUpgradeTest{name=detectsKotlinVersion,return=void,parameters=[java.lang.String,java.lang.String,io.moderne.devcenter.KotlinVersionUpgrade$Measure]}",1,0,0,36,3,14.04,1,14,0,317.12,12.5,0.08
src/test/java/io/moderne/devcenter/KotlinVersionUpgradeTest.java,io.moderne.devcenter.KotlinVersionUpgradeTest,versionAndMeasures,"io.moderne.devcenter.KotlinVersionUpgradeTest{name=versionAndMeasures,return=java.util.stream.Stream<org.junit.jupiter.params.provider.Arguments>,parameters=[]}",1,0,0,9,0,9.0,0,9,0,196.0,2.79,0.02
src/test/java/io/moderne/devcenter/KotlinVersionUpgradeTest.java,io.moderne.devcenter.KotlinVersionUpgradeTest,measuresShouldNotIncludeTargetVersionOrAbove,"io.moderne.devcenter.KotlinVersionUpgradeTest{name=measuresShouldNotIncludeTargetVersionOrAbove,return=void,parameters=[java.lang.String,java.util.List<io.moderne.devcenter.KotlinVersionUpgrade$Measure>]}",1,0,0,9,2,4.12,1,4,0,51.81,2.22,0.01
src/test/java/io/moderne/devcenter/LibraryUpgradeTest.java,io.moderne.devcenter.LibraryUpgradeTest,jacksonVersions,"io.moderne.devcenter.LibraryUpgradeTest{name=jacksonVersions,return=java.util.stream.Stream<org.junit.jupiter.params.provider.Arguments>,parameters=[]}",1,0,0,10,0,6.0,0,6,0,125.81,2.45,0.02
src/test/java/io/moderne/devcenter/LibraryUpgradeTest.java,io.moderne.devcenter.LibraryUpgradeTest,minorUpgrade,"io.moderne.devcenter.LibraryUpgradeTest{name=minorUpgrade,return=void,parameters=[java.lang.String,java.lang.String,io.moderne.devcenter.SemverMeasure]}",1,0,0,47,3,12.0,0,12,0,241.08,7.56,0.05
src/test/java/io/moderne/devcenter/NodeVersionUpgradeTest.java,io.moderne.devcenter.NodeVersionUpgradeTest,nodeMarker,"io.moderne.devcenter.NodeVersionUpgradeTest{name=nodeMarker,return=org.openrewrite.javascript.marker.NodeResolutionResult,parameters=[java.lang.String]}",1,0,0,8,1,9.0,0,9,0,144.0,4.33,0.02
src/test/java/io/moderne/devcenter/NodeVersionUpgradeTest.java,io.moderne.devcenter.NodeVersionUpgradeTest,nodeVersions,"io.moderne.devcenter.NodeVersionUpgradeTest{name=nodeVersions,return=java.util.stream.Stream<org.junit.jupiter.params.provider.Arguments>,parameters=[]}",1,0,0,14,0,10.0,0,10,0,307.19,2.55,0.03
src/test/java/io/moderne/devcenter/NodeVersionUpgradeTest.java,io.moderne.devcenter.NodeVersionUpgradeTest,skipsWhenNoNodeEngine,"io.moderne.devcenter.NodeVersionUpgradeTest{name=skipsWhenNoNodeEngine,return=void,parameters=[]}",1,0,0,17,0,14.04,1,14,0,276.9,7.81,0.06
src/test/java/io/moderne/devcenter/NodeVersionUpgradeTest.java,io.moderne.devcenter.NodeVersionUpgradeTest,detectsNodeVersion,"io.moderne.devcenter.NodeVersionUpgradeTest{name=detectsNodeVersion,return=void,parameters=[int,java.lang.String,int,io.moderne.devcenter.NodeVersionUpgrade$Measure]}",1,0,0,21,4,13.04,1,13,0,287.38,9.96,0.07
src/test/java/io/moderne/devcenter/NodeVersionUpgradeTest.java,io.moderne.devcenter.NodeVersionUpgradeTest,skipsWhenNoEngines,"io.moderne.devcenter.NodeVersionUpgradeTest{name=skipsWhenNoEngines,return=void,parameters=[]}",1,0,0,16,0,13.04,1,13,0,249.12,8.44,0.05
src/test/java/io/moderne/devcenter/NodeVersionUpgradeTest.java,io.moderne.devcenter.NodeVersionUpgradeTest,versionAndMeasures,"io.moderne.devcenter.NodeVersionUpgradeTest{name=versionAndMeasures,return=java.util.stream.Stream<org.junit.jupiter.params.provider.Arguments>,parameters=[]}",1,0,0,11,0,13.0,0,13,0,334.7,2.68,0.03
src/test/java/io/moderne/devcenter/NodeVersionUpgradeTest.java,io.moderne.devcenter.NodeVersionUpgradeTest,measuresShouldNotIncludeTargetVersionOrAbove,"io.moderne.devcenter.NodeVersionUpgradeTest{name=measuresShouldNotIncludeTargetVersionOrAbove,return=void,parameters=[int,java.util.List<io.moderne.devcenter.NodeVersionUpgrade$Measure>,int]}",1,0,0,12,3,7.07,1,7,0,108.05,3.86,0.02
src/test/java/io/moderne/devcenter/ParentPomUpgradeTest.java,io.moderne.devcenter.ParentPomUpgradeTest,springBootParentVersions,"io.moderne.devcenter.ParentPomUpgradeTest{name=springBootParentVersions,return=java.util.stream.Stream<org.junit.jupiter.params.provider.Arguments>,parameters=[]}",1,0,0,10,0,6.0,0,6,0,129.45,2.25,0.01
src/test/java/io/moderne/devcenter/ParentPomUpgradeTest.java,io.moderne.devcenter.ParentPomUpgradeTest,minorUpgrade,"io.moderne.devcenter.ParentPomUpgradeTest{name=minorUpgrade,return=void,parameters=[java.lang.String,java.lang.String,io.moderne.devcenter.SemverMeasure]}",1,0,0,49,3,12.0,0,12,0,241.08,7.56,0.05
src/test/java/io/moderne/devcenter/PythonVersionUpgradeTest.java,io.moderne.devcenter.PythonVersionUpgradeTest,pythonMarker,"io.moderne.devcenter.PythonVersionUpgradeTest{name=pythonMarker,return=org.openrewrite.python.marker.PythonResolutionResult,parameters=[java.lang.String]}",1,0,0,9,1,9.0,0,9,0,140.65,4.73,0.03
src/test/java/io/moderne/devcenter/PythonVersionUpgradeTest.java,io.moderne.devcenter.PythonVersionUpgradeTest,pythonVersions,"io.moderne.devcenter.PythonVersionUpgradeTest{name=pythonVersions,return=java.util.stream.Stream<org.junit.jupiter.params.provider.Arguments>,parameters=[]}",1,0,0,16,0,12.0,0,12,0,405.0,2.27,0.03
src/test/java/io/moderne/devcenter/PythonVersionUpgradeTest.java,io.moderne.devcenter.PythonVersionUpgradeTest,detectsPythonVersion,"io.moderne.devcenter.PythonVersionUpgradeTest{name=detectsPythonVersion,return=void,parameters=[int,java.lang.String,java.lang.String,io.moderne.devcenter.PythonVersionUpgrade$Measure]}",1,0,0,21,4,12.04,1,12,0,265.68,9.48,0.06
src/test/java/io/moderne/devcenter/PythonVersionUpgradeTest.java,io.moderne.devcenter.PythonVersionUpgradeTest,skipsWhenNoRequiresPython,"io.moderne.devcenter.PythonVersionUpgradeTest{name=skipsWhenNoRequiresPython,return=void,parameters=[]}",1,0,0,17,0,14.04,1,14,0,271.03,8.63,0.06
src/test/java/io/moderne/devcenter/PythonVersionUpgradeTest.java,io.moderne.devcenter.PythonVersionUpgradeTest,versionAndMeasures,"io.moderne.devcenter.PythonVersionUpgradeTest{name=versionAndMeasures,return=java.util.stream.Stream<org.junit.jupiter.params.provider.Arguments>,parameters=[]}",1,0,0,12,0,11.0,0,11,0,311.78,2.55,0.03
src/test/java/io/moderne/devcenter/PythonVersionUpgradeTest.java,io.moderne.devcenter.PythonVersionUpgradeTest,measuresShouldNotIncludeTargetVersionOrAbove,"io.moderne.devcenter.PythonVersionUpgradeTest{name=measuresShouldNotIncludeTargetVersionOrAbove,return=void,parameters=[int,java.util.List<io.moderne.devcenter.PythonVersionUpgrade$Measure>,int]}",1,0,0,12,3,7.07,1,7,0,108.05,3.86,0.02
src/test/java/io/moderne/devcenter/ReportAsSecurityIssuesTest.java,io.moderne.devcenter.ReportAsSecurityIssuesTest,defaults,"io.moderne.devcenter.ReportAsSecurityIssuesTest{name=defaults,return=void,parameters=[org.openrewrite.test.RecipeSpec]}",1,0,0,10,1,6.0,0,6,0,64.0,3.0,0.01
src/test/java/io/moderne/devcenter/ReportAsSecurityIssuesTest.java,io.moderne.devcenter.ReportAsSecurityIssuesTest,reportSecret,"io.moderne.devcenter.ReportAsSecurityIssuesTest{name=reportSecret,return=void,parameters=[]}",1,0,0,32,0,6.0,0,6,0,114.2,4.5,0.02
src/test/java/io/moderne/devcenter/ScalaVersionUpgradeTest.java,io.moderne.devcenter.ScalaVersionUpgradeTest,scalaVersions,"io.moderne.devcenter.ScalaVersionUpgradeTest{name=scalaVersions,return=java.util.stream.Stream<org.junit.jupiter.params.provider.Arguments>,parameters=[]}",1,0,0,11,0,7.0,0,7,0,258.65,2.5,0.02
src/test/java/io/moderne/devcenter/ScalaVersionUpgradeTest.java,io.moderne.devcenter.ScalaVersionUpgradeTest,detectsScalaVersion,"io.moderne.devcenter.ScalaVersionUpgradeTest{name=detectsScalaVersion,return=void,parameters=[int,java.lang.String,java.lang.String,java.lang.String,io.moderne.devcenter.ScalaVersionUpgrade$Measure,int]}",1,0,0,39,6,15.03,1,15,0,354.86,12.57,0.09
src/test/java/io/moderne/devcenter/ScalaVersionUpgradeTest.java,io.moderne.devcenter.ScalaVersionUpgradeTest,versionAndMeasures,"io.moderne.devcenter.ScalaVersionUpgradeTest{name=versionAndMeasures,return=java.util.stream.Stream<org.junit.jupiter.params.provider.Arguments>,parameters=[]}",1,0,0,7,0,5.0,0,5,0,99.91,1.91,0.01
src/test/java/io/moderne/devcenter/ScalaVersionUpgradeTest.java,io.moderne.devcenter.ScalaVersionUpgradeTest,measuresShouldNotIncludeTargetVersionOrAbove,"io.moderne.devcenter.ScalaVersionUpgradeTest{name=measuresShouldNotIncludeTargetVersionOrAbove,return=void,parameters=[int,java.util.List<io.moderne.devcenter.ScalaVersionUpgrade$Measure>]}",1,0,0,9,2,4.12,1,4,0,51.81,2.22,0.01
src/test/java/io/moderne/devcenter/UpgradeMigrationCardGroupTest.java,io.moderne.devcenter.UpgradeMigrationCardGroupTest,multipleCardsShareSameDataTable,"io.moderne.devcenter.UpgradeMigrationCardGroupTest{name=multipleCardsShareSameDataTable,return=void,parameters=[]}",1,0,0,27,0,19.65,5,19,0,524.74,8.0,0.09
src/test/java/io/moderne/devcenter/result/DevCenterResultReducerTest.java,io.moderne.devcenter.result.DevCenterResultReducerTest,upgradesAndSecurityIssues,"io.moderne.devcenter.result.DevCenterResultReducerTest{name=upgradesAndSecurityIssues,return=void,parameters=[]}",1,0,0,22,0,18.25,3,18,0,323.54,10.25,0.07
src/test/java/io/moderne/devcenter/result/DevCenterResultReducerTest.java,io.moderne.devcenter.result.DevCenterResultReducerTest,emptyDataTable,"io.moderne.devcenter.result.DevCenterResultReducerTest{name=emptyDataTable,return=void,parameters=[]}",1,0,0,12,0,7.07,1,7,0,94.01,4.36,0.02
src/test/java/io/moderne/devcenter/result/DevCenterResultReducerTest.java,io.moderne.devcenter.result.DevCenterResultReducerTest,emptySecurity,"io.moderne.devcenter.result.DevCenterResultReducerTest{name=emptySecurity,return=void,parameters=[]}",1,0,0,15,0,12.04,1,12,0,186.64,6.25,0.04
src/test/java/io/moderne/devcenter/result/DevCenterResultReducerTest.java,io.moderne.devcenter.result.DevCenterResultReducerTest,hasSecurityResults,"io.moderne.devcenter.result.DevCenterResultReducerTest{name=hasSecurityResults,return=void,parameters=[io.moderne.devcenter.result.DevCenterResult]}",1,0,0,7,1,7.0,0,7,0,94.01,4.09,0.02
src/test/java/io/moderne/devcenter/result/DevCenterResultReducerTest.java,io.moderne.devcenter.result.DevCenterResultReducerTest,hasSpringBoot35Results,"io.moderne.devcenter.result.DevCenterResultReducerTest{name=hasSpringBoot35Results,return=void,parameters=[io.moderne.devcenter.result.DevCenterResult]}",3,0,0,11,1,7.0,0,7,0,170.03,6.05,0.03
src/test/java/io/moderne/devcenter/table/UpgradesAndMigrationsTest.java,io.moderne.devcenter.table.UpgradesAndMigrationsTest,leastOrdinalRetained,"io.moderne.devcenter.table.UpgradesAndMigrationsTest{name=leastOrdinalRetained,return=void,parameters=[]}",1,0,0,17,0,18.0,0,18,0,372.07,10.53,0.08
src/test/java/io/moderne/devcenter/table/UpgradesAndMigrationsTest.java,io.moderne.devcenter.table.UpgradesAndMigrationsTest,leastVersionRetainedAtSameOrdinal,"io.moderne.devcenter.table.UpgradesAndMigrationsTest{name=leastVersionRetainedAtSameOrdinal,return=void,parameters=[]}",1,0,0,17,0,18.0,0,18,0,372.07,10.53,0.08
src/test/java/io/moderne/devcenter/table/UpgradesAndMigrationsTest.java,io.moderne.devcenter.table.UpgradesAndMigrationsTest,nullVersionDoesNotCauseNpe,"io.moderne.devcenter.table.UpgradesAndMigrationsTest{name=nullVersionDoesNotCauseNpe,return=void,parameters=[]}",1,0,0,8,0,7.28,2,7,0,131.69,4.29,0.02
src/test/java/io/moderne/devcenter/table/UpgradesAndMigrationsTest.java,io.moderne.devcenter.table.UpgradesAndMigrationsTest,pom,"io.moderne.devcenter.table.UpgradesAndMigrationsTest{name=pom,return=java.lang.String,parameters=[java.lang.String]}",1,0,0,15,1,1.0,0,1,0,11.61,1.0,0.0
src/test/java/io/moderne/devcenter/table/UpgradesAndMigrationsTest.java,io.moderne.devcenter.table.UpgradesAndMigrationsTest,expected,"io.moderne.devcenter.table.UpgradesAndMigrationsTest{name=expected,return=java.lang.String,parameters=[java.lang.String]}",1,0,0,15,1,1.0,0,1,0,11.61,1.0,0.0
